{
    "rmse": 0.8237976295940777,
    "mae": 0.6710638818514767,
    "r2": 0.035770344031001544
}