{
    "rmse": 0.8195102307003499,
    "mae": 0.6638130709647807,
    "r2": 0.045780762498256466
}